Font Name,Keywords
bagelfatone,"heavy rounded font, inspired by pastries, cute and lovely, strong stroke contrast, playful design"
sarina,"brush-style letterforms, casual and breezy, medium contrast, suitable for large sizes, relaxed display typeface"
chango,"bold display font, humorous touch, inspired by Mexican art, playful for headlines, heavy letterforms"
creepster,"fright-themed, horror style, eerie and spooky, bold graphic presence, Halloween aesthetics"
notable,"uppercase sans serif, currency-inspired, bold lines, impactful display use, geometric letterforms"
monoton,"metalpress-inspired, contemporary display, bold for large sizes, webfont-optimized, modular structure"
zentokyozoo,"playful and stylish, zoo-inspired stripes, modular fun design, exhibition lettering, lively display font"
ribeye,"cartoon tattoo style, playful syncopation, friendly letterforms, unconventional weight distribution, legible charm"
rye,"wood type inspiration, American West feel, bold display font, medium contrast, poster and headline use"
ewert,"simplified slab serif, inspired by Estonian maps, ornamental letterforms, screen-optimized, cultural typography"
imperialscript,"formal script, elegant connectors, perfect for invitations, refined visual style, thin and heavy strokes"
rougescript,"copperplate-inspired, casual script, flowing curves, soft and legible, feminine typography"
tangerine,"calligraphic style, chancery script influence, tall ascenders, graceful texture, title or large text use"
leaguescript,"playful script font, modern love note vibe, nostalgic handwritten feel, ligature support, versatile script"
bangers,"comic book style, energetic display font, superhero comic influence, bold headlines, playful typography"
rubikglitch,"experimental distortion, glitch-inspired, playful letterforms, display creativity, Rubik-derived font"
delius,"comic book lettering, rounded marker strokes, handwriting-inspired, playful stroke ends, casual comic typography"
borel,"French cursive primer, low contrast, open and legible, large x-height, designed for early readers"
macondo,"whimsical display, tarot-inspired, Colombian literature influence, stylish swashes, literary typography"
caesardressing,"Greek-inspired, experimental markers, geometric precision, playful aesthetic, unique display font"
almendra,"calligraphy-based, gothic and chancery fusion, childrenâ€™s literature font, textured text, formal yet legible"
thegirlnextdoor,"friendly handwriting, geography teacher-inspired, readable and welcoming, casual script, playful personality"
quantico,"angular design, military lettering, beer packaging influence, sharp lines, bold typographic style"
michroma,"1960s rounded-square sans, futuristic vibe, digital screen-optimized, retro-modern aesthetic, no manual hinting"
iceberg,"slim condensed font, modular design, rhythmic flow, decorative monolinear strokes, display elegance"
pinyonscript,"romantic script, high stroke contrast, American West vibe, slanted design, large size use"
gochihand,"teenage handwriting, spontaneous and expressive, screen-friendly, print-ready, casual yet consistent"
opensans,"humanist sans serif, optimized for interfaces, excellent legibility, versatile for print and web, modern and approachable"
roboto,"geometric forms, mechanical skeleton, humanist influence, natural reading rhythm, serif type aesthetics"
montserrat,"urban-inspired, nostalgic yet modern, vibrant for headlines, timeless elegance"
poppins,"geometric sans-serif, clean and modern, high readability, international appeal, versatile"
lato,"sans serif typeface, balanced design, transparent in body text, original traits in larger sizes, versatile for various design contexts"
merriweather,"large x-height, condensed letterforms, diagonal stress, sturdy serifs, harmonious sans-serif"
playfairdisplay,"enlightenment-inspired, high contrast, delicate hairlines, pointed steel pens, fashionable print style"
sourcecodepro,"monospaced, coding applications, source design influence, uniform glyph widths, complementary family"
inconsolata,"monospace font, code listings, inspired by consolas, print design, technical elegance"
dancingscript,"lively script, casual vibe, 50's influence, playful bounce, versatile design"
oswald,"classic reworking, sans serif, web-friendly, versatile readability, modern digital aesthetic"
kanit,"formal loopless thai, humanist sans serif, capsulated geometric, contemporary, futuristic"
firasans,"tech-friendly, legible on screens, versatile widths, modern italics, mobile interface"
nunito,"friendly sans-serif, rounded terminals, approachable, versatile for UI and headings"
raleway,"elegant, modern sans-serif, light and thin strokes, suited for display, refined visual rhythm"
abrilfatface,"contemporary revamp of classic didone styles, neutral with strong presence, measured tension in curves, high contrast for reader attention, versatile for display and text uses"
alegreya,"literary elegance, modern calligraphy, fresh sophistication, contemporary interpretation, versatile readability"
cabin,"humanist sans serif, modern proportions, geometric elements, versatile design, contemporary elegance"
courgette,"brushy italic script, medium contrast, display font, elegant curves, versatile for themed projects"
hind,"user interface design, devanagari and latin scripts, modern and versatile, clear legibility, multi-style font family"
ptserif,"pan-cyrillic, modern, digital communications, versatile, russian-themed"
manrope,"minimalist, geometric, contemporary, versatile, clean"
balsamiqsans,"extensive glyph collection, multilingual support, versatile design elements, technical and mathematical symbols, suitable for diverse projects"
overpass,"screen-friendly design, optimal legibility, versatile for various sizes, clean and modern, ideal for digital interfaces"
saira,"versatile sans serif, extensive weight options, typographic flexibility, modern and clean, suitable for various projects"
asap,"contemporary sans-serif, subtle rounded corners, screen and desktop use, standarised character width, consistent text length"
crimsonpro,"serif, contemporary, classic, editorial, reading experience"
josefinsans,"geometric, elegant, vintage, large sizes, 1920s inspiration"
teko,"bold, modular design, impactful headlines, digital display, multilingual"
questrial,"modern elegance, versatile readability, web-friendly, timeless sophistication, smooth user interface"
jost,"vintage elegance, geometric simplicity, art deco influence, bold and striking, ideal for retro branding"
indieflower,"carefree handwriting, bubbly rounded edges, easy to read, bold and playful, casual yet legible"
vibes,"multilingual design, modern arabic script, versatile for bilingual projects, contemporary aesthetic, expressive typography"
anton,"bold display font, advertising sans serif, modern webfont, open counters, optimized stems"
volkhov,"low-contrast serif, robust readability, economic and legible, contemporary elegance, prominent in text environments"
archivo,"industrial sans-serif, commanding, bold for posters, inspired by 19th-century grotesque"
lexend,"variable font, weight axis, modern readability, versatile design, editorial projects"
kalam,"handwriting style, devanagari support, personal design, expressive, versatile."
signika,"sans-serif wayfinding font, gentle character, clear information clarity, low contrast, tall x-height, readable for small and large distances"
yanonekaffeesatz,"vintage-inspired, bold and thin contrast, 1920s coffee house vibe, timeless elegance, suitable for themed projects"
patuaone,"slab serif text, low contrast, strong serifs, visual impact, small sizes"
titilliumweb,"geometric, modern, versatile, professional, collaborative"
arvo,"geometric slab-serif, versatile, modern, screen-friendly, bold."
hindmadurai,"multi-script versatility, contemporary fusion, cultural diversity, dynamic poster design, global typographic harmony"
cormorant,"display type, versatile styles, elegant, editorial design, expressive."
teko,"bold, modular design, impactful headlines, digital display, multilingual"
spacegrotesk,"proportional sans-serif, geometric design, readable at small sizes, modern aesthetic, tech-inspired"
varta,"warm humanity, bright clarity, professional crispness, larger sizes, sans serif family"
sora,"japanese-inspired, futuristic, decentralized, empowering, digital aesthetics"
ibmplexsans,"corporate, international, brand spirit, human-machine relationship, versatile"
ibmplexserif,"corporate, international, brand spirit, history, human-machine relationship"
adamina,"text-friendly, small size readability, increased x-height, lowered contrast, legible elegance"
barlow,"grotesque typeface, low-contrast design, california-inspired, transportation aesthetics, versatile for signage"
bitter,"contemporary slab serif, digital readability, screen-focused design, versatile text font, comfortable reading experience"
domine,"web-optimized body text, readability-focused design, newspaper and magazine websites, clean and accessible, professional and versatile"
grandstander,"display font, variable weight axis, upright and italic styles, bold and impactful, versatile for themed projects"
heebo,"multilingual typeface, modern and versatile design, seamless latin to hebrew transition, suitable for diverse projects, clean and contemporary aesthetic"
karla,"grotesque sans serif, variable weight axis, multilingual support, modern versatility, clean and legible"
literata,"digital publishing toolbox, comfortable reading experience, versatile for all devices, headline and paragraph text, modern and adaptable"
lora,"contemporary serif, calligraphic roots, well-balanced, moderate contrast, body text suitable"
mate,"calligraphic reminiscences, unusual shapes, visual rhythm, traditional proportions, medium height numbers"
neuton,"dutch-inspired serif, clean and dark, versatile weights, classic elegance, editorial and branding"
notoserif,"global font collection, modulated serif design, multilingual support, complementary font, versatile for text-heavy content"
padauk,"multilingual support, graphite technology, myanmar script rendering, cultural inclusivity, versatile typography"
vollkorn,"timeless serif, versatile readability, web and print friendly, classic elegance, strong presence"
zillaslab,"contemporary, industrial, approachable, sophisticated, headlines"
trirong,"serif latin and looped thai typeface, thick and thin strokes, narrow and tall structure, space-saving design, readable oval-shaped terminals"
prata,"elegant didone typeface, sharp features, organic teardrops, tension in contrast, virile serifs, soft curves"
chilanka,"handwriting style, malayalam script, casual, everyday use, personal touch"
athiti,"informal sans typeface, humanist calligraphy influence, organic and friendly, loopless thai script, traditional yet contemporary"
mukta,"versatile contemporary typeface, humanist design influence, multi-script support, unified type family, libre licensed font"
sarabun,"multi-script, webfont, latin and thai support, versatile, modern and accessible"
kadwa,"devanagari typeface, slab serif influence, versatile text font, cultural fusion, classic elegance"
sura,"devanagari typeface, serif style, multilingual design, editorial projects, classic elegance"
ibarrarealnova,"classic revival, historical elegance, literary tribute, editorial design, sophisticated charm."
faustina,"editorial typography, versatile, legible, classic elegance, digital-friendly."
librefranklin,"unique typography, modern design, versatile application, bold aesthetic, creative expression"
khand,"display typography, strong commonality, headline usage, balanced variety, versatile typeface"
thasadith,"humanist sans serif, rounded corners, friendly and approachable, modern and versatile, ideal for ui design"
yrsa,"web-friendly readability, multilingual support, serif elegance, editorial versatility, global cultural influence"
nunito,"friendly sans-serif, rounded terminals, approachable, versatile for UI and headings"
rubik,"sans serif with rounded corners, modern geometric design, versatile weight options, roman and italic styles, clean and contemporary aesthetic"
simonetta,"italian humanistic-inspired, contemporary elegance, soft serifs and drops, slightly slanted design, modern yet classic"
gloock,"high-contrast serif, contemporary display font, newspaper-inspired, bold headlines, modern interpretation"
inter,"readability-focused design, opentype features, versatile for mixed-case text, clear punctuation adjustments, numeric versatility"
orbitron,"geometric, display, versatile weights, stylistic alternatives, modern display font"
mulish,"minimalist sans serif, versatile display, text typography, clean and refined, user-centric refinement"
limelight,"art deco-inspired, geometric sans serif, 1920s nostalgia, hollywood glamour, theatrical elegance"
play,"minimalistic sans serif, large open counters, ample x-heights, corporate yet friendly, versatile for various projects"
mada,"modernist arabic typeface, inspired by cairo road signage, low descenders & contrast, suitable for signage & ui, clean & legible"
ralewaydots,"dotted display font, geometric sans-serif influence, versatile for posters, stylistic alternates, modern headline typeface"
amiko,"clean and utilitarian, maximum legibility, body text focus, web and screen readability, small text sizes"
fugazone,"geometric features, gestural characteristics, dynamic, sans serif, italic inclination"
francoisone,"traditional gothic display, webfont optimization, bold display, sans serif, modern web design"
markazitext,"arabic-inspired, collaborative project, moderate contrast, versatile, elegant"
changa,"uppercase emphasis, minimal line spacing, extra-bold display, versatile typographic tool, strong visual impact"
rufina,"hybrid typographic style, bodoni-inspired forms, high contrast design, versatile for text and headlines, elegantly flexible aesthetic"
oxanium,"futuristic display font, intuitive legibility, angular charisma, space-age design, versatile for ui and headlines"
nanumgothic,"contemporary, warm touch, sans-serif, screen-friendly, korean-language"
tajawal,"distinctive arabic and latin typeface, modern geometric style, fluid geometry, print and web applications, harmonious with latin typefaces"
majormonodisplay,"monospaced geometric sans serif, constructivist display characters, playful attitude, opentype features, serious yet playful design"
exo2,"geometric sans serif, technological, futuristic, elegant design, versatile with 9 weights"
coda,"impact-heavy display font, web-friendly design, bold information delivery, practical and unassuming, large size emphasis"
